time,step,wp_Tmin,wp_Tmax,wp_Tavg,wp_umax,wp_svm_max,wp_epspl_max,wp_contact_pmax,wp_contact_count
0.000000000000000e+00,0,3.000000000000000e+02,3.000000000000000e+02,3.000000000000000e+02,0.000000000000000e+00,0.000000000000000e+00,0.000000000000000e+00,0.000000000000000e+00,0
4.999999999999994e-08,1,3.000000000000000e+02,3.000083221974415e+02,3.000000005663897e+02,8.166441790999738e-08,2.128027590916039e+08,0.000000000000000e+00,1.406989024432344e+13,1
9.999999999999973e-08,2,3.000000000000000e+02,3.000181609315754e+02,3.000000012367088e+02,1.687712822437842e-07,3.899896305916075e+08,0.000000000000000e+00,2.437848294183525e+13,1
1.500000000000003e-07,3,3.000000000000000e+02,3.000282030626973e+02,3.000000019216653e+02,2.565039994956355e-07,5.568929962067715e+08,0.000000000000000e+00,3.402816826200825e+13,1
2.000000000000014e-07,4,3.000000000000000e+02,3.000384777698061e+02,3.000000026232559e+02,3.442191236963122e-07,7.163270413261620e+08,0.000000000000000e+00,4.319518297863266e+13,1
2.500000000000019e-07,5,3.000000000000000e+02,3.000494333050731e+02,3.000000033720074e+02,4.319175029983993e-07,8.714906299953599e+08,2.387154056976363e-06,5.212464819136671e+13,1
3.000000000000004e-07,6,3.000000000000000e+02,3.001774824445540e+02,3.000000120888411e+02,5.185035999193738e-07,9.977565320787654e+08,3.508351662399003e-04,6.040320947739198e+13,1
3.499999999999989e-07,7,3.000000000000000e+02,3.007857028933096e+02,3.000000534977561e+02,6.079311186890641e-07,1.042570951148311e+09,2.016938001054354e-03,6.630899402725694e+13,1
3.999999999999973e-07,8,3.000000000000000e+02,3.015843548846572e+02,3.000001079188739e+02,6.996042992460980e-07,1.065422404145862e+09,4.152477988101036e-03,7.111948942798219e+13,1
4.499999999999958e-07,9,3.000000000000000e+02,3.025495627112309e+02,3.000001737397902e+02,7.932097760249625e-07,1.088470213879476e+09,6.680718739271790e-03,7.644716345448448e+13,1
4.999999999999967e-07,10,3.000000000000000e+02,3.036827019698720e+02,3.000002510695261e+02,8.880039348903602e-07,1.106725612217633e+09,9.600680823696625e-03,8.169836828090308e+13,1
5.500000000000005e-07,11,3.000000000000000e+02,3.049160120240128e+02,3.000003353195232e+02,9.851546721476927e-07,1.122564669945370e+09,1.273135315389936e-02,8.680092015984712e+13,1
6.000000000000042e-07,12,3.000000000000000e+02,3.062516267408710e+02,3.000004272932460e+02,1.084292152605812e-06,1.137734638721894e+09,1.607706056190094e-02,9.197291572292642e+13,1
6.500000000000080e-07,13,3.000000000000000e+02,3.076962914279675e+02,3.000005378879839e+02,1.184935300666063e-06,1.151603949346935e+09,1.965321938724416e-02,9.650101101677116e+13,1
7.000000000000117e-07,14,3.000000000000000e+02,3.090758959270555e+02,3.000006669923193e+02,1.285527046826083e-06,1.151036735964586e+09,2.304655149073214e-02,9.725619737519645e+13,2
7.500000000000155e-07,15,3.000000000000000e+02,3.099719884494161e+02,3.000007941846652e+02,1.384183874154527e-06,1.151434332703768e+09,2.526083662901309e-02,9.594161262333248e+13,2
8.000000000000192e-07,16,3.000000000000000e+02,3.107556289500898e+02,3.000009159859936e+02,1.481312547657197e-06,1.153551176975733e+09,2.719781885859403e-02,9.494258105869272e+13,2
8.500000000000230e-07,17,3.000000000000000e+02,3.114575966324764e+02,3.000010287847401e+02,1.576794924996908e-06,1.154779185728237e+09,2.893409105674430e-02,9.391748407354009e+13,2
9.000000000000267e-07,18,3.000000000000000e+02,3.121012422854538e+02,3.000011345430177e+02,1.671922152509853e-06,1.156749767917178e+09,3.052511291910529e-02,9.299038984543808e+13,2
9.500000000000305e-07,19,3.000000000000000e+02,3.127126577416680e+02,3.000012366824209e+02,1.765439048654808e-06,1.159771943207827e+09,3.203687152350260e-02,9.225577265629395e+13,2
1.000000000000034e-06,20,3.000000000000000e+02,3.133406931683229e+02,3.000013433407734e+02,1.858375126675283e-06,1.164933513911979e+09,3.358511653733628e-02,9.178286378321411e+13,2
1.050000000000038e-06,21,3.000000000000000e+02,3.140056068117483e+02,3.000014574093551e+02,1.951982823415190e-06,1.169597187993274e+09,3.521723828782390e-02,9.123795386635539e+13,2
1.100000000000042e-06,22,3.000000000000000e+02,3.147002834163451e+02,3.000015783470585e+02,2.047186284919085e-06,1.176555887557446e+09,3.691160189163594e-02,9.137672791106756e+13,2
1.150000000000046e-06,23,3.000000000000000e+02,3.155510437233117e+02,3.000017274479458e+02,2.144568433676746e-06,1.187231682587059e+09,3.896525758782980e-02,1.022936573418980e+14,2
1.200000000000049e-06,24,3.000000000000000e+02,3.165769829680590e+02,3.000019087281818e+02,2.246862364544454e-06,1.196865801960395e+09,4.141121768055135e-02,1.143210390388860e+14,2
1.250000000000053e-06,25,3.000000000000000e+02,3.177470922817350e+02,3.000021239329667e+02,2.353647830258170e-06,1.205234077860961e+09,4.417065003301650e-02,1.270731610350961e+14,2
1.300000000000057e-06,26,3.000000000000000e+02,3.190203615912425e+02,3.000023910078345e+02,2.464694072382740e-06,1.212523612650898e+09,4.714522459554017e-02,1.393104477531082e+14,2
1.350000000000061e-06,27,3.000000000000000e+02,3.203444135133506e+02,3.000026992545022e+02,2.578161576549031e-06,1.218176453012609e+09,5.021779525140174e-02,1.506297126082942e+14,2
1.400000000000064e-06,28,3.000000000000000e+02,3.216050055602337e+02,3.000030088900529e+02,2.691013473047745e-06,1.216482358504362e+09,5.313892337562946e-02,1.588061768433785e+14,3
1.450000000000068e-06,29,3.000000000000000e+02,3.223674436631851e+02,3.000032169796936e+02,2.793291284883107e-06,1.202103968236601e+09,5.494046059624137e-02,1.620204504948800e+14,3
1.500000000000072e-06,30,3.000000000000000e+02,3.228508914109396e+02,3.000033634173604e+02,2.889404543517438e-06,1.193750157550096e+09,5.610690005674920e-02,1.640757815665924e+14,3
1.550000000000076e-06,31,3.000000000000000e+02,3.232250386356320e+02,3.000034840704194e+02,2.982659594444652e-06,1.189958243747656e+09,5.702199805941373e-02,1.660499429522596e+14,3
1.600000000000079e-06,32,3.000000000000000e+02,3.235487471756595e+02,3.000036013426227e+02,3.077758504904912e-06,1.187689653531608e+09,5.781367132770778e-02,1.679394547989034e+14,3
1.650000000000083e-06,33,3.000000000000000e+02,3.238592611889177e+02,3.000037353822166e+02,3.173350993589678e-06,1.189965765512986e+09,5.857273078887499e-02,1.699690168727235e+14,3
1.700000000000087e-06,34,3.000000000000000e+02,3.242077071122516e+02,3.000039057918869e+02,3.267641439422648e-06,1.196868759180444e+09,5.942024042876972e-02,1.728081616888158e+14,3
1.750000000000091e-06,35,3.000000000000000e+02,3.246365309369567e+02,3.000041312543134e+02,3.363887508655473e-06,1.203137471683273e+09,6.045052612915192e-02,1.756455669047996e+14,3
1.800000000000094e-06,36,3.000000000000000e+02,3.251018277304176e+02,3.000044009673872e+02,3.464829594582652e-06,1.206275367435981e+09,6.155392281702905e-02,1.780321367819244e+14,3
1.850000000000098e-06,37,3.000000000000000e+02,3.256140148018426e+02,3.000047542619550e+02,3.569784247910931e-06,1.211164995169418e+09,6.275534469353128e-02,1.798283838747825e+14,3
1.900000000000102e-06,38,3.000000000000000e+02,3.261685184728177e+02,3.000052032579645e+02,3.679924617337947e-06,1.221438105545158e+09,6.404043946406396e-02,1.805294378448100e+14,3
1.950000000000088e-06,39,3.000000000000000e+02,3.267404245451589e+02,3.000057251020751e+02,3.795840579364848e-06,1.230836138628809e+09,6.534945464215906e-02,1.804154524691893e+14,3
2.000000000000070e-06,40,3.000000000000000e+02,3.273324834952585e+02,3.000063218039307e+02,3.916178131815962e-06,1.240483398094248e+09,6.668938415630402e-02,1.797044218489281e+14,3
2.050000000000053e-06,41,3.000000000000000e+02,3.279154154612373e+02,3.000069590215903e+02,4.038034794177324e-06,1.246519087610226e+09,6.800105834031250e-02,1.776235867798060e+14,3
2.100000000000035e-06,42,3.000000000000000e+02,3.284033300847582e+02,3.000075498443107e+02,4.156042434299513e-06,1.248660770302175e+09,6.910517235913519e-02,1.747559058977359e+14,4
2.150000000000018e-06,43,3.000000000000000e+02,3.287498608021352e+02,3.000079891997153e+02,4.264472585704871e-06,1.237552826538931e+09,6.990752890473050e-02,1.705295662993083e+14,4
2.200000000000001e-06,44,3.000000000000000e+02,3.289612821446204e+02,3.000082917327718e+02,4.363008680519622e-06,1.230213062546372e+09,7.041504415216537e-02,1.684578804061168e+14,4
2.249999999999983e-06,45,3.000000000000000e+02,3.293159103513626e+02,3.000085437284782e+02,4.459329113153276e-06,1.226033058310670e+09,7.165346044024734e-02,1.710593989852853e+14,4
2.299999999999966e-06,46,3.000000000000000e+02,3.298508978417839e+02,3.000087734934644e+02,4.555519183102397e-06,1.224946013629485e+09,7.293482682199250e-02,1.736718001515534e+14,4
2.349999999999948e-06,47,3.000000000000000e+02,3.303681409471280e+02,3.000090048080193e+02,4.651246907664826e-06,1.227295226958960e+09,7.417530555617609e-02,1.764627612229846e+14,4
2.399999999999931e-06,48,3.000000000000000e+02,3.309328161354673e+02,3.000092694876934e+02,4.745521071329922e-06,1.233433776000170e+09,7.552422985440836e-02,1.799818835706808e+14,4
2.449999999999913e-06,49,3.000000000000000e+02,3.315840139046753e+02,3.000096036597331e+02,4.841385803330808e-06,1.237889247455749e+09,7.706737298596021e-02,1.832406970193360e+14,4
2.499999999999896e-06,50,3.000000000000000e+02,3.322381305512107e+02,3.000100218673698e+02,4.940060459711472e-06,1.239395204468232e+09,7.861073728374786e-02,1.857049964296835e+14,4
2.549999999999879e-06,51,3.000000000000000e+02,3.329300537764353e+02,3.000105519834033e+02,5.042334391930181e-06,1.243704250082047e+09,8.023135085466289e-02,1.876841557694681e+14,4
2.599999999999861e-06,52,3.000000000000000e+02,3.336589073202842e+02,3.000111791104501e+02,5.148833327083973e-06,1.246274619122498e+09,8.192388313244138e-02,1.889671894881921e+14,4
2.649999999999844e-06,53,3.000000000000000e+02,3.343623566129290e+02,3.000118717016188e+02,5.257317403465850e-06,1.247850680289339e+09,8.355624670399829e-02,1.898655737022723e+14,4
2.699999999999826e-06,54,3.000000000000000e+02,3.351093861584035e+02,3.000126416811000e+02,5.370322989622377e-06,1.250876916135571e+09,8.526930415479170e-02,1.901261870966978e+14,4
2.749999999999809e-06,55,3.000000000000000e+02,3.358463967266029e+02,3.000134387962371e+02,5.484594390043634e-06,1.250315841727051e+09,8.695323082486167e-02,1.894226835705899e+14,4
2.799999999999792e-06,56,3.000000000000000e+02,3.364713789436283e+02,3.000141680049068e+02,5.595200338529513e-06,1.245532380818977e+09,8.839528474318148e-02,1.878360075287147e+14,4
2.849999999999774e-06,57,3.000000000000000e+02,3.369824426146482e+02,3.000148171870352e+02,5.699071359721762e-06,1.240567701839511e+09,8.959666777587304e-02,1.855926386159129e+14,5
2.899999999999757e-06,58,3.000000000000000e+02,3.373571997304771e+02,3.000153268109110e+02,5.794729145993972e-06,1.231259241700651e+09,9.050562787496708e-02,1.837319761794943e+14,5
2.949999999999739e-06,59,3.000000000000000e+02,3.376411439132568e+02,3.000157696568459e+02,5.888987878720069e-06,1.225679329180462e+09,9.120802055499196e-02,1.826761245059583e+14,5
2.999999999999722e-06,60,3.000000000000000e+02,3.378865811676380e+02,3.000161900581728e+02,5.983122774022347e-06,1.224537239609912e+09,9.182114115493217e-02,1.823341047961583e+14,5
3.049999999999704e-06,61,3.000000000000000e+02,3.381271771601066e+02,3.000166202460455e+02,6.076366099540342e-06,1.225789375108873e+09,9.242289050923580e-02,1.820786508640768e+14,5
3.099999999999687e-06,62,3.000000000000000e+02,3.383874919935482e+02,3.000170923585563e+02,6.167992854622046e-06,1.230150918093564e+09,9.306975625312215e-02,1.822772682637832e+14,5
3.149999999999670e-06,63,3.000000000000000e+02,3.386885575795237e+02,3.000176366515973e+02,6.260137531883637e-06,1.234342010600362e+09,9.380880546040223e-02,1.825533395283295e+14,5
3.199999999999652e-06,64,3.000000000000000e+02,3.389957196324273e+02,3.000182290768376e+02,6.353296060413552e-06,1.233727118978987e+09,9.455869741122053e-02,1.832814299219116e+14,5
3.249999999999635e-06,65,3.000000000000000e+02,3.393026497192084e+02,3.000188818184628e+02,6.448144107102039e-06,1.235594679182653e+09,9.530383603020037e-02,1.841749092375448e+14,5
3.299999999999617e-06,66,3.000000000000000e+02,3.396258199525477e+02,3.000196197884719e+02,6.546574004855017e-06,1.237781655990634e+09,9.607942442537955e-02,1.848599639298558e+14,5
3.349999999999600e-06,67,3.000000000000000e+02,3.399725867948709e+02,3.000204561851871e+02,6.648871447913333e-06,1.241302023911642e+09,9.690071142928310e-02,1.852868757570810e+14,5
3.399999999999582e-06,68,3.000000000000000e+02,3.403538691643491e+02,3.000214039388025e+02,6.754572635913057e-06,1.244476498100820e+09,9.779332999087874e-02,1.856608326429515e+14,5
3.449999999999565e-06,69,3.000000000000000e+02,3.407551678278779e+02,3.000224148001394e+02,6.861748410413705e-06,1.245475964493372e+09,9.872655767376633e-02,1.862099364541356e+14,5
3.499999999999548e-06,70,3.000000000000000e+02,3.411351016699991e+02,3.000233875536676e+02,6.968099854539125e-06,1.243576940850202e+09,9.961362371895119e-02,1.863863887149307e+14,5
3.549999999999530e-06,71,3.000000000000000e+02,3.414858872160267e+02,3.000242794249375e+02,7.071719323443906e-06,1.241978348691783e+09,1.004414187958421e-01,1.858690153587776e+14,6
3.599999999999513e-06,72,3.000000000000000e+02,3.417775933077046e+02,3.000250054054695e+02,7.170222560431280e-06,1.236110269525169e+09,1.011475643185904e-01,1.849497880821429e+14,6
3.649999999999495e-06,73,3.000000000000000e+02,3.420218470056357e+02,3.000256477411485e+02,7.267742165307579e-06,1.232649819998228e+09,1.017482645686192e-01,1.844309678334531e+14,6
3.699999999999478e-06,74,3.000000000000000e+02,3.422460081324528e+02,3.000262628037354e+02,7.363779864846556e-06,1.232356548024606e+09,1.023038052848834e-01,1.844064708818959e+14,6
3.749999999999461e-06,75,3.000000000000000e+02,3.424693637789259e+02,3.000268865364425e+02,7.459433923408153e-06,1.233251331332149e+09,1.028580889429066e-01,1.843644516102234e+14,6
3.799999999999443e-06,76,3.000000000000000e+02,3.426991154758344e+02,3.000275315300619e+02,7.552836532057295e-06,1.235704560125552e+09,1.034305569558561e-01,1.845857347633871e+14,6
3.849999999999456e-06,77,3.000000000000000e+02,3.429482044859449e+02,3.000282672632288e+02,7.646908141027235e-06,1.238437217618943e+09,1.040463507573975e-01,1.851011378395597e+14,6
3.899999999999481e-06,78,3.000000000000000e+02,3.432043005400757e+02,3.000290756219035e+02,7.744584033075281e-06,1.238536405849690e+09,1.046732171826843e-01,1.851733298510810e+14,6
3.949999999999506e-06,79,3.000000000000000e+02,3.434662799199027e+02,3.000299559020310e+02,7.845855573898973e-06,1.240570990135024e+09,1.053081495297948e-01,1.852276903408254e+14,6
3.999999999999531e-06,80,3.000000000000000e+02,3.437439033457414e+02,3.000309208148989e+02,7.949650282376029e-06,1.242946636037798e+09,1.059742121894755e-01,1.852145392583039e+14,6
4.049999999999555e-06,81,3.000000000000000e+02,3.440445835488735e+02,3.000319916634620e+02,8.055777771336906e-06,1.246419715328417e+09,1.066880052918492e-01,1.854228639513232e+14,6
4.099999999999580e-06,82,3.000000000000000e+02,3.443756278059136e+02,3.000331988309432e+02,8.165847187088632e-06,1.249489589064039e+09,1.074629847136549e-01,1.855165790758448e+14,6
4.149999999999605e-06,83,3.000000000000000e+02,3.447279814342759e+02,3.000345102648764e+02,8.278396179712345e-06,1.251020077365565e+09,1.082797368114674e-01,1.853048204517344e+14,6
4.199999999999630e-06,84,3.000000000000000e+02,3.450800284038907e+02,3.000358043484531e+02,8.391162616273086e-06,1.251455510918977e+09,1.090959291658343e-01,1.842880095565693e+14,7
4.249999999999655e-06,85,3.000000000000000e+02,3.454053466365655e+02,3.000368770901907e+02,8.496369038832650e-06,1.248665317792834e+09,1.098686118435725e-01,1.828502092500180e+14,7
4.299999999999680e-06,86,3.000000000000000e+02,3.456904147141291e+02,3.000378151934154e+02,8.598539519590250e-06,1.245522749080525e+09,1.105562916638321e-01,1.819815267501347e+14,7
4.349999999999705e-06,87,3.000000000000000e+02,3.459458950676842e+02,3.000386753797534e+02,8.698309369465615e-06,1.243420005887575e+09,1.111809369960530e-01,1.812311485983797e+14,7
4.399999999999730e-06,88,3.000000000000000e+02,3.461832026611073e+02,3.000394932676660e+02,8.796492521920858e-06,1.242413646670535e+09,1.117668867217593e-01,1.808948364044657e+14,7
4.449999999999755e-06,89,3.000000000000000e+02,3.464098338835843e+02,3.000403130722707e+02,8.893480702627824e-06,1.241676901806456e+09,1.123305424486773e-01,1.805924032033194e+14,7
4.499999999999780e-06,90,3.000000000000000e+02,3.466305895298322e+02,3.000411700757890e+02,8.988357804143613e-06,1.242509944638718e+09,1.128828112200126e-01,1.806033193624110e+14,7
4.549999999999805e-06,91,3.000000000000000e+02,3.468557921238040e+02,3.000421025509831e+02,9.083124646917502e-06,1.243757238073106e+09,1.134446557149865e-01,1.808917194721112e+14,7
4.599999999999830e-06,92,3.000000000000000e+02,3.470945846153719e+02,3.000431541420920e+02,9.180079543056336e-06,1.246056285834913e+09,1.140324871312969e-01,1.813074834401480e+14,7
4.649999999999855e-06,93,3.000000000000000e+02,3.473475915339583e+02,3.000443238085396e+02,9.279896470099792e-06,1.248136559764055e+09,1.146478262937319e-01,1.817842323491339e+14,7
4.699999999999880e-06,94,3.000000000000000e+02,3.476143117991927e+02,3.000456221622418e+02,9.382365490136490e-06,1.249843491569925e+09,1.152890368174969e-01,1.827256192145008e+14,7
4.749999999999905e-06,95,3.000000000000000e+02,3.478967517528336e+02,3.000470470859772e+02,9.486446798026323e-06,1.252338281838140e+09,1.159631173621579e-01,1.834478393945794e+14,7
4.799999999999929e-06,96,3.000000000000000e+02,3.481986085699001e+02,3.000486034539944e+02,9.592671624859149e-06,1.254798937886729e+09,1.166774559254391e-01,1.840125246396777e+14,7
4.849999999999954e-06,97,3.000000000000000e+02,3.485168506271530e+02,3.000501533379237e+02,9.698674907036127e-06,1.256631630193266e+09,1.174284461051319e-01,1.831798174532648e+14,8
4.899999999999979e-06,98,3.000000000000000e+02,3.488176568586096e+02,3.000514856332738e+02,9.800835716693271e-06,1.253574037591300e+09,1.181496657051433e-01,1.824743052655304e+14,8
4.950000000000004e-06,99,3.000000000000000e+02,3.490788259000853e+02,3.000526503093005e+02,9.900858756315526e-06,1.250177850005694e+09,1.187870443557925e-01,1.819435092377985e+14,8
5.000000000000029e-06,100,3.000000000000000e+02,3.493064846330882e+02,3.000536902677987e+02,9.998585344081217e-06,1.247061130191225e+09,1.193537881652369e-01,1.815687185018405e+14,8
5.050000000000054e-06,101,3.000000000000000e+02,3.495114023549157e+02,3.000546535411815e+02,1.009266857577161e-05,1.245655743247475e+09,1.198749022904632e-01,1.812435309619823e+14,8
5.100000000000079e-06,102,3.000000000000000e+02,3.497099711559546e+02,3.000555865668824e+02,1.018188775976939e-05,1.246255683914742e+09,1.203872615937338e-01,1.812490518286390e+14,8
5.150000000000104e-06,103,3.000000000000000e+02,3.499078093398139e+02,3.000565392868251e+02,1.026926816714989e-05,1.246367061482347e+09,1.208994465105729e-01,1.814459168894172e+14,8
5.200000000000129e-06,104,3.000000000000000e+02,3.501046415627564e+02,3.000575742734118e+02,1.035830184903255e-05,1.247399768710099e+09,1.214054701626608e-01,1.819183684542482e+14,8
5.250000000000154e-06,105,3.000000000000000e+02,3.503172673792399e+02,3.000587643012141e+02,1.044994267180252e-05,1.250274601936630e+09,1.219429078713112e-01,1.826169305530640e+14,8
5.300000000000179e-06,106,3.000000000000000e+02,3.505500869515774e+02,3.000601261970032e+02,1.054575527544594e-05,1.252971647566506e+09,1.225208405220816e-01,1.838503095795274e+14,8
5.350000000000204e-06,107,3.000000000000000e+02,3.507987740510504e+02,3.000616587678518e+02,1.064492180529753e-05,1.254984735094430e+09,1.231298313995239e-01,1.851360701844613e+14,8
5.400000000000229e-06,108,3.000000000000000e+02,3.510607626164342e+02,3.000633433108470e+02,1.074614384792476e-05,1.256682406617710e+09,1.237660179845473e-01,1.864471706466498e+14,8
5.450000000000254e-06,109,3.000000000000000e+02,3.513290199715093e+02,3.000651240132581e+02,1.084912294095716e-05,1.257454438381582e+09,1.244151556596181e-01,1.874998336009974e+14,8
5.500000000000279e-06,110,3.000000000000000e+02,3.516016667239256e+02,3.000669093169770e+02,1.095306223327512e-05,1.259408200754688e+09,1.250743023139849e-01,1.872549695119487e+14,9
5.550000000000303e-06,111,3.000000000000000e+02,3.518724580479636e+02,3.000685101526452e+02,1.105404841293755e-05,1.257827328717805e+09,1.257375313702594e-01,1.865890588386017e+14,9
5.600000000000328e-06,112,3.000000000000000e+02,3.521101333159254e+02,3.000699199403095e+02,1.115396658546240e-05,1.253238172699734e+09,1.263298953637972e-01,1.857297592666625e+14,9
5.650000000000353e-06,113,3.000000000000000e+02,3.523058756264030e+02,3.000711350384304e+02,1.125079347289836e-05,1.248274787048174e+09,1.268324148643374e-01,1.850467964668701e+14,9
5.700000000000378e-06,114,3.000000000000000e+02,3.524731833581006e+02,3.000722421419048e+02,1.134535208251695e-05,1.245859666940872e+09,1.272756482343141e-01,1.847369182973320e+14,9
5.750000000000403e-06,115,3.000000000000000e+02,3.526285231956750e+02,3.000733280886496e+02,1.143646683416411e-05,1.245454976702787e+09,1.276956498535667e-01,1.846294488545634e+14,9
5.800000000000428e-06,116,2.999999999982271e+02,3.527859845545212e+02,3.000744689942258e+02,1.152524198741131e-05,1.247059375215106e+09,1.281224669766478e-01,1.849128249286168e+14,9
5.850000000000453e-06,117,2.999999999982442e+02,3.529528326224620e+02,3.000757733749228e+02,1.161548256917351e-05,1.249331426557287e+09,1.285681726694521e-01,1.856202071371988e+14,9
5.900000000000478e-06,118,2.999999999982657e+02,3.531360205407295e+02,3.000772995214209e+02,1.170862138827110e-05,1.252002291268737e+09,1.290458818303860e-01,1.862348579010073e+14,9
5.950000000000503e-06,119,2.999999999982942e+02,3.533370764152331e+02,3.000790410863750e+02,1.180621715233312e-05,1.254210913453794e+09,1.295574656919120e-01,1.865450588155668e+14,9
6.000000000000528e-06,120,2.999999999983866e+02,3.535469847503631e+02,3.000809440236110e+02,1.190694687828570e-05,1.255137963024511e+09,1.300832484294075e-01,1.865831362449494e+14,9
6.050000000000553e-06,121,2.999999999991750e+02,3.537619103516564e+02,3.000829700207874e+02,1.201039229011896e-05,1.255832490731375e+09,1.306175177626501e-01,1.865572965393613e+14,9
6.100000000000578e-06,122,3.000000000000000e+02,3.539743829147541e+02,3.000850649685768e+02,1.211520239855123e-05,1.255618923941713e+09,1.311461502887099e-01,1.865596857725028e+14,10
6.150000000000603e-06,123,3.000000000000000e+02,3.541857205722873e+02,3.000870842068798e+02,1.221884045232572e-05,1.257011987424585e+09,1.316758058018276e-01,1.865672444200495e+14,10
6.200000000000628e-06,124,3.000000000000000e+02,3.543904181497668e+02,3.000889134862628e+02,1.231881577879259e-05,1.254880139478251e+09,1.321992933824078e-01,1.863577309656931e+14,10
6.250000000000653e-06,125,3.000000000000000e+02,3.545704674810071e+02,3.000905752528226e+02,1.241681492313576e-05,1.251228550474265e+09,1.326717865523244e-01,1.860014958164383e+14,10
6.300000000000677e-06,126,3.000000000000000e+02,3.547241675154432e+02,3.000920944548581e+02,1.251396743233403e-05,1.247303852071762e+09,1.330872575855822e-01,1.857186807283216e+14,10
6.350000000000702e-06,127,3.000000000000000e+02,3.548563578384158e+02,3.000935463384719e+02,1.260986570315297e-05,1.244469339132348e+09,1.334561987873026e-01,1.855287588739052e+14,10
6.400000000000727e-06,128,3.000000000000000e+02,3.549798322647210e+02,3.000950170816546e+02,1.270359916158006e-05,1.244283361792913e+09,1.338077989260097e-01,1.855135538510875e+14,10
6.450000000000752e-06,129,3.000000000000000e+02,3.551022810265014e+02,3.000965783796926e+02,1.279472100089312e-05,1.244906676198064e+09,1.341585255221875e-01,1.858120487059264e+14,10
6.500000000000777e-06,130,3.000000000000000e+02,3.552336324151350e+02,3.000983280560170e+02,1.288507128184935e-05,1.248474503984840e+09,1.345285481832273e-01,1.864317226463043e+14,10
6.550000000000802e-06,131,3.000000000000000e+02,3.553826560115131e+02,3.001003051033587e+02,1.297639139772860e-05,1.251670596781226e+09,1.349363018904574e-01,1.870841031650967e+14,10
6.600000000000827e-06,132,3.000000000000000e+02,3.555458592915299e+02,3.001024783837415e+02,1.307031913030639e-05,1.252847606956233e+09,1.353723880736031e-01,1.876035681451158e+14,10
6.650000000000852e-06,133,3.000000000000000e+02,3.557129416185303e+02,3.001047663975725e+02,1.316690636508452e-05,1.253353933737588e+09,1.358127345307707e-01,1.879552263779208e+14,10
6.700000000000877e-06,134,3.000000000000000e+02,3.558789392323802e+02,3.001070986813920e+02,1.326469078138558e-05,1.253101561236928e+09,1.362484337410934e-01,1.882051132633926e+14,10
6.750000000000902e-06,135,3.000000000000000e+02,3.560397910607689e+02,3.001094670354257e+02,1.336340321092074e-05,1.252497941955938e+09,1.366734617625521e-01,1.883954659004798e+14,10
6.800000000000927e-06,136,3.000000000000000e+02,3.561982760834293e+02,3.001118070639773e+02,1.346136238233833e-05,1.253946272605847e+09,1.370955986775516e-01,1.883628490943412e+14,11
6.850000000000952e-06,137,3.000000000000000e+02,3.563543084043362e+02,3.001139881068229e+02,1.355565246317301e-05,1.252297042484438e+09,1.375202261752965e-01,1.880796141130471e+14,11
6.900000000000977e-06,138,3.000000000000000e+02,3.564909683312207e+02,3.001159981583338e+02,1.364791045398977e-05,1.248629033006819e+09,1.379057898003537e-01,1.876743721893040e+14,11
6.950000000001002e-06,139,3.000000000000000e+02,3.566071423891487e+02,3.001178805275421e+02,1.374005713474718e-05,1.244566132040404e+09,1.382467457625219e-01,1.873287729947308e+14,11
7.000000000001026e-06,140,3.000000000000000e+02,3.567051445947833e+02,3.001197278888939e+02,1.383173471593925e-05,1.242163979699686e+09,1.385465884680038e-01,1.871110557148870e+14,11
7.050000000001051e-06,141,3.000000000000000e+02,3.567960939100533e+02,3.001216013041468e+02,1.392095197690638e-05,1.242491505439094e+09,1.388310063367487e-01,1.863486259517914e+14,11
7.100000000001076e-06,142,3.000000000000000e+02,3.568907928761835e+02,3.001235552083990e+02,1.400850907626267e-05,1.243147360849038e+09,1.391242036035162e-01,1.865787338042860e+14,11
7.150000000001101e-06,143,3.000000000000000e+02,3.569906060809042e+02,3.001256607768839e+02,1.409452070141826e-05,1.245068208262211e+09,1.394294518570091e-01,1.869794383634612e+14,11
7.200000000001126e-06,144,3.000000000000000e+02,3.570982031644111e+02,3.001279411871977e+02,1.417968533961714e-05,1.247397630210565e+09,1.397530818776716e-01,1.875185737229912e+14,11
7.250000000001151e-06,145,3.000000000000000e+02,3.572146238081243e+02,3.001303756243595e+02,1.426612371689930e-05,1.248333999021789e+09,1.400952687172049e-01,1.879429061770423e+14,11
7.300000000001176e-06,146,3.000000000000000e+02,3.573323832931276e+02,3.001328828675535e+02,1.435435730469099e-05,1.248544961192016e+09,1.404374535511614e-01,1.882784705517805e+14,11
7.350000000001201e-06,147,3.000000000000000e+02,3.574496437538826e+02,3.001354130409044e+02,1.444496307320597e-05,1.247992576043709e+09,1.407768370591285e-01,1.885679632499902e+14,11
7.400000000001226e-06,148,3.000000000000000e+02,3.575609455669070e+02,3.001379655220506e+02,1.453697497437285e-05,1.246772895706426e+09,1.411022930426368e-01,1.887061298398850e+14,11
7.450000000001251e-06,149,3.000000000000000e+02,3.576695226467800e+02,3.001405732188715e+02,1.463021603281692e-05,1.247040756696211e+09,1.414219312489420e-01,1.890124572743383e+14,11
7.500000000001276e-06,150,3.000000000000000e+02,3.577774427471410e+02,3.001432262995705e+02,1.472490209788735e-05,1.246724057755738e+09,1.417412089099655e-01,1.891019429163110e+14,12
7.550000000001301e-06,151,3.000000000000000e+02,3.578801734187520e+02,3.001457632003767e+02,1.481695769096430e-05,1.245554002519312e+09,1.420536853931547e-01,1.888863122555866e+14,12
7.600000000001326e-06,152,3.000000000000000e+02,3.579688716535836e+02,3.001481653242294e+02,1.490730124649357e-05,1.243260749485431e+09,1.423379708728805e-01,1.885932013766207e+14,12
7.650000000001316e-06,153,3.000000000000000e+02,3.580444013626696e+02,3.001505146287284e+02,1.499740778958583e-05,1.241713452292664e+09,1.425924862292603e-01,1.885181791255359e+14,12
7.700000000001256e-06,154,3.000000000000000e+02,3.581149521544629e+02,3.001528919164164e+02,1.508810134333944e-05,1.241670693065475e+09,1.428343998665562e-01,1.884861730638472e+14,12
7.750000000001196e-06,155,3.000000000000000e+02,3.581893732970501e+02,3.001553315317615e+02,1.517767627466773e-05,1.243115032773793e+09,1.430848309351598e-01,1.892840863072730e+14,12
7.800000000001137e-06,156,3.000000000000000e+02,3.582713381016076e+02,3.001578459952937e+02,1.526559018095341e-05,1.244101802019569e+09,1.433537967083893e-01,1.894599790390204e+14,12
7.850000000001077e-06,157,3.000000000000000e+02,3.583543096699169e+02,3.001604639957872e+02,1.535224005321942e-05,1.244712600572653e+09,1.436261784789936e-01,1.896786312654992e+14,12
7.900000000001017e-06,158,3.000000000000000e+02,3.584389114093620e+02,3.001631691946399e+02,1.543764131276711e-05,1.245126691583207e+09,1.439035845903431e-01,1.898818707667637e+14,12
7.950000000000957e-06,159,3.000000000000000e+02,3.585229421740243e+02,3.001659038694487e+02,1.552344768458488e-05,1.244985872322621e+09,1.441790740512614e-01,1.900479587325045e+14,12
8.000000000000897e-06,160,3.000000000000000e+02,3.586058011659033e+02,3.001686699881942e+02,1.561149812550964e-05,1.244559917731244e+09,1.444502621101787e-01,1.903113910490807e+14,12
8.050000000000838e-06,161,3.000000000000000e+02,3.586859701744725e+02,3.001715217031301e+02,1.570279330112741e-05,1.244051868821109e+09,1.447130899725357e-01,1.890642112939330e+14,12
8.100000000000778e-06,162,3.000000000000000e+02,3.587633037034632e+02,3.001744544508204e+02,1.579598563310373e-05,1.243772387731056e+09,1.449677881051159e-01,1.891481351851915e+14,12
8.150000000000718e-06,163,3.000000000000000e+02,3.588357618799619e+02,3.001774344220131e+02,1.589003353397878e-05,1.243593748702638e+09,1.452118416889193e-01,1.892114485304929e+14,12
8.200000000000658e-06,164,3.000000000000000e+02,3.589057881443359e+02,3.001804253015291e+02,1.598326891716564e-05,1.243519432906055e+09,1.454524334617436e-01,1.893464481775218e+14,12
8.250000000000599e-06,165,3.000000000000000e+02,3.589747620773184e+02,3.001834434698162e+02,1.607768316718246e-05,1.243045781424744e+09,1.456908143705418e-01,1.894668975981990e+14,13
8.300000000000539e-06,166,3.000000000000000e+02,3.590427831409556e+02,3.001864648084966e+02,1.617216407064216e-05,1.243054652321354e+09,1.459275562680280e-01,1.894588410851638e+14,13
8.350000000000479e-06,167,3.000000000000000e+02,3.591076639466427e+02,3.001894771429128e+02,1.626601990726426e-05,1.241912306169434e+09,1.461572484427395e-01,1.894097091155782e+14,13
8.400000000000419e-06,168,3.000000000000000e+02,3.591687827100823e+02,3.001924675137147e+02,1.635882583161707e-05,1.240819181410117e+09,1.463781742854769e-01,1.893149731877153e+14,13
8.450000000000360e-06,169,3.000000000000000e+02,3.592281525243988e+02,3.001954576511682e+02,1.644960641125620e-05,1.241267410244183e+09,1.465963589847917e-01,1.892903879712685e+14,13
8.500000000000300e-06,170,3.000000000000000e+02,3.592884820700138e+02,3.001984568345755e+02,1.653771755476386e-05,1.242429187721867e+09,1.468191465751274e-01,1.894418576517206e+14,13
8.550000000000240e-06,171,3.000000000000000e+02,3.593474961915213e+02,3.002014591121238e+02,1.662365792048711e-05,1.241225181588548e+09,1.470409923613825e-01,1.893360829724703e+14,13
8.600000000000180e-06,172,3.000000000000000e+02,3.594026262868441e+02,3.002044316352347e+02,1.670802658353558e-05,1.241173261597286e+09,1.472545391436619e-01,1.894007151076930e+14,13
8.650000000000120e-06,173,3.000000000000000e+02,3.594574504106477e+02,3.002073945804489e+02,1.679161584045215e-05,1.241060719593863e+09,1.474672790554954e-01,1.895993066420389e+14,13
8.700000000000061e-06,174,3.000000000000000e+02,3.595142379557736e+02,3.002104234622993e+02,1.687670816990161e-05,1.242193890413729e+09,1.476836540504643e-01,1.900491471395410e+14,13
8.750000000000001e-06,175,3.000000000000000e+02,3.595726014776594e+02,3.002135974269963e+02,1.696424836811754e-05,1.242108054081954e+09,1.479020438089693e-01,1.905375954031771e+14,13
8.799999999999941e-06,176,3.000000000000000e+02,3.596313185839606e+02,3.002168756751901e+02,1.705355231687201e-05,1.242189598549268e+09,1.481200489668487e-01,1.908267101430830e+14,13
8.849999999999881e-06,177,3.000000000000000e+02,3.596888907681000e+02,3.002201942781600e+02,1.714380851501394e-05,1.241750004369706e+09,1.483355731771121e-01,1.910584923944761e+14,13
8.899999999999822e-06,178,3.000000000000000e+02,3.597450192196790e+02,3.002235767407885e+02,1.723518792163324e-05,1.241466122756193e+09,1.485480863215568e-01,1.911861707310277e+14,13
8.949999999999762e-06,179,3.000000000000000e+02,3.598000809828891e+02,3.002270450795378e+02,1.732729092539638e-05,1.241594116547121e+09,1.487576707456503e-01,1.915561394695232e+14,13
8.999999999999702e-06,180,3.000000000000000e+02,3.598554855001926e+02,3.002306036789395e+02,1.742094722725545e-05,1.240714686441252e+09,1.489657713432380e-01,1.916169111217157e+14,14
9.049999999999642e-06,181,3.000000000000000e+02,3.599098445687932e+02,3.002341165710395e+02,1.751340049609983e-05,1.241974508845051e+09,1.491709322772460e-01,1.917902128584793e+14,14
9.099999999999583e-06,182,3.000000000000000e+02,3.599648580849071e+02,3.002375903347051e+02,1.760297926762487e-05,1.241767815199204e+09,1.493812064377099e-01,1.917072656286853e+14,14
9.149999999999523e-06,183,3.000000000000000e+02,3.600179902382363e+02,3.002410214285795e+02,1.768918244851778e-05,1.241887244525614e+09,1.495900853162835e-01,1.916493668859348e+14,14
9.199999999999463e-06,184,3.000000000000000e+02,3.600708225460501e+02,3.002444053640629e+02,1.777262824147982e-05,1.242156257258002e+09,1.497996961393462e-01,1.916927138782443e+14,14
9.249999999999403e-06,185,3.000000000000000e+02,3.601235742009415e+02,3.002477464977012e+02,1.785414921119462e-05,1.242630865324588e+09,1.500093195299453e-01,1.918924457978401e+14,14
9.299999999999343e-06,186,3.000000000000000e+02,3.601768047819097e+02,3.002510762667152e+02,1.793526976239026e-05,1.242702302676520e+09,1.502197605355688e-01,1.920436435634328e+14,14
9.349999999999284e-06,187,3.000000000000000e+02,3.602312208733010e+02,3.002544366335856e+02,1.801736832412764e-05,1.243847103491153e+09,1.504325127389682e-01,1.922544692660189e+14,14
9.399999999999224e-06,188,3.000000000000000e+02,3.602891928614096e+02,3.002578853417311e+02,1.810053035446731e-05,1.245408694654204e+09,1.506533689087071e-01,1.927467400675831e+14,14
9.449999999999164e-06,189,3.000000000000000e+02,3.603505955017507e+02,3.002614233524553e+02,1.818546515270095e-05,1.246231501161270e+09,1.508821923127302e-01,1.931857453698941e+14,14
9.499999999999104e-06,190,3.000000000000000e+02,3.604122167287115e+02,3.002650235015408e+02,1.827224632210480e-05,1.245953716057042e+09,1.511113466051128e-01,1.935083345922102e+14,14
9.549999999999045e-06,191,3.000000000000000e+02,3.604729363954852e+02,3.002686640856190e+02,1.836078873698844e-05,1.245612101512897e+09,1.513376271313108e-01,1.937672663715087e+14,14
9.599999999998985e-06,192,3.000000000000000e+02,3.605327998485473e+02,3.002723730135830e+02,1.845132133245794e-05,1.245421449908019e+09,1.515611917101214e-01,1.941146189621464e+14,14
9.649999999998925e-06,193,3.000000000000000e+02,3.605908704031817e+02,3.002761702046619e+02,1.854304374514572e-05,1.244813677883490e+09,1.517798589658983e-01,1.942958538310470e+14,14
9.699999999998865e-06,194,3.000000000000000e+02,3.606482111719880e+02,3.002800173001298e+02,1.863534880525494e-05,1.244883175811781e+09,1.519957126246052e-01,1.944962704837149e+14,14
9.749999999998806e-06,195,3.000000000000000e+02,3.607057178313751e+02,3.002839007145199e+02,1.872780325872825e-05,1.244775133861028e+09,1.522111465892236e-01,1.935393817343834e+14,14
9.799999999998746e-06,196,3.000000000000000e+02,3.607626365378901e+02,3.002878189942777e+02,1.881926971293771e-05,1.245153513298782e+09,1.524256811330646e-01,1.936965968680147e+14,14
9.849999999998686e-06,197,3.000000000000000e+02,3.608188982514375e+02,3.002917648777869e+02,1.890830694183408e-05,1.245173736898862e+09,1.526407944538690e-01,1.937049980958262e+14,15
9.899999999998626e-06,198,3.000000000000000e+02,3.608766086583780e+02,3.002956649661339e+02,1.899425832518791e-05,1.247306049916703e+09,1.528618238549293e-01,1.939067563981276e+14,15
9.949999999998566e-06,199,3.000000000000000e+02,3.609396514590782e+02,3.002995258979121e+02,1.907889468053199e-05,1.249379914510787e+09,1.530955860549845e-01,1.942525880252097e+14,15
9.999999999998507e-06,200,3.000000000000000e+02,3.610120552371844e+02,3.003033812055682e+02,1.916421715008503e-05,1.250634060746414e+09,1.533493160256142e-01,1.955766362440111e+14,15
1.004999999999845e-05,201,3.000000000000000e+02,3.610861074649624e+02,3.003072512617742e+02,1.925090762526786e-05,1.250423543972331e+09,1.536056828603356e-01,1.958038132462815e+14,15
1.009999999999839e-05,202,3.000000000000000e+02,3.611599934033440e+02,3.003111136114099e+02,1.933820086451468e-05,1.250874109246270e+09,1.538620480307576e-01,1.960164848390888e+14,15
1.014999999999833e-05,203,3.000000000000000e+02,3.612350123131961e+02,3.003149909548001e+02,1.942585812709501e-05,1.251583989000851e+09,1.541219371539474e-01,1.963532016460101e+14,15
1.019999999999827e-05,204,3.000000000000000e+02,3.613149589606111e+02,3.003189183264633e+02,1.951475275239740e-05,1.253137198306286e+09,1.543932730460499e-01,1.968315047950288e+14,15
1.024999999999821e-05,205,3.000000000000000e+02,3.613979782309572e+02,3.003229335309796e+02,1.960559918989848e-05,1.253080232272956e+09,1.546712718619438e-01,1.971419639822811e+14,15
1.029999999999815e-05,206,3.000000000000000e+02,3.614800136726851e+02,3.003270244741556e+02,1.969813935922244e-05,1.253120373406038e+09,1.549452513115746e-01,1.974423891627064e+14,15
1.034999999999809e-05,207,3.000000000000000e+02,3.615648044855429e+02,3.003311844655687e+02,1.979286723787906e-05,1.253911403135160e+09,1.552230684995413e-01,1.977535388439412e+14,15
1.039999999999803e-05,208,3.000000000000000e+02,3.616520588242105e+02,3.003354074514852e+02,1.988790383365759e-05,1.254549639469945e+09,1.555052938930077e-01,1.978797160856802e+14,15
1.044999999999797e-05,209,3.000000000000000e+02,3.617428128786711e+02,3.003396761205493e+02,1.998181917578510e-05,1.255741740155407e+09,1.557960818097486e-01,1.981512747626258e+14,15
1.049999999999791e-05,210,3.000000000000000e+02,3.618377431056779e+02,3.003440142888326e+02,2.007483180565125e-05,1.255715289453166e+09,1.560964214025759e-01,1.983039689924997e+14,15
1.054999999999785e-05,211,3.000000000000000e+02,3.619308765878420e+02,3.003483894724833e+02,2.016559197862908e-05,1.256335960123632e+09,1.563933877191025e-01,1.984252944146911e+14,15
1.059999999999779e-05,212,3.000000000000000e+02,3.620291319781256e+02,3.003527981718501e+02,2.025412607784274e-05,1.258089311967160e+09,1.567025713971996e-01,1.987051931366601e+14,16
1.064999999999773e-05,213,3.000000000000000e+02,3.621363267666370e+02,3.003572302844314e+02,2.034156484719376e-05,1.261126644212146e+09,1.570321022353170e-01,1.991481992660303e+14,16
1.069999999999767e-05,214,3.000000000000000e+02,3.622537573322793e+02,3.003616945220849e+02,2.042835423739852e-05,1.262773850586975e+09,1.573855168618640e-01,1.993577691450402e+14,16
1.074999999999761e-05,215,3.000000000000000e+02,3.623751146128951e+02,3.003661695117162e+02,2.051580780599159e-05,1.263348941861280e+09,1.577476389610453e-01,1.995133259893637e+14,16
1.079999999999755e-05,216,3.000000000000000e+02,3.624968229511666e+02,3.003706263117029e+02,2.060381722286017e-05,1.263734637947848e+09,1.581097331084274e-01,1.995271829301985e+14,16
1.084999999999749e-05,217,3.000000000000000e+02,3.626247027723330e+02,3.003751172202552e+02,2.069350143386637e-05,1.265930356953719e+09,1.584851345177178e-01,2.001812212172738e+14,16
1.089999999999743e-05,218,3.000000000000000e+02,3.627589217568012e+02,3.003797106082117e+02,2.078474271432525e-05,1.266598794257927e+09,1.588746041057015e-01,1.992694535377381e+14,16
1.094999999999737e-05,219,3.000000000000000e+02,3.628954080590088e+02,3.003843822234463e+02,2.087687943606076e-05,1.267655576773870e+09,1.592688931718696e-01,1.995111563998144e+14,16
1.099999999999731e-05,220,3.000000000000000e+02,3.630341409266831e+02,3.003891268326091e+02,2.096962910655578e-05,1.267524809190541e+09,1.596676350793423e-01,2.006422789993307e+14,16
1.104999999999725e-05,221,3.000000000000000e+02,3.631718396100721e+02,3.003939144168592e+02,2.106272074370111e-05,1.267698480510983e+09,1.600635160997285e-01,2.008304782295042e+14,16
1.109999999999719e-05,222,3.000000000000000e+02,3.633098293622893e+02,3.003987403185165e+02,2.115568039181852e-05,1.268005491756755e+09,1.604604405768998e-01,2.005913167272817e+14,16
1.114999999999713e-05,223,3.000000000000000e+02,3.634433172286955e+02,3.004035834459383e+02,2.124703946118566e-05,1.266758795308113e+09,1.608482499498881e-01,2.005803571854955e+14,16
1.119999999999707e-05,224,3.000000000000000e+02,3.635698766461349e+02,3.004083875207255e+02,2.133600760218093e-05,1.266115580303630e+09,1.612218857180982e-01,2.007179269385935e+14,16
1.124999999999701e-05,225,3.000000000000000e+02,3.636926877251565e+02,3.004131745285894e+02,2.142297329759099e-05,1.265882259213091e+09,1.615882469719453e-01,2.009621634618393e+14,16
1.129999999999695e-05,226,3.000000000000000e+02,3.638135004458026e+02,3.004179641952559e+02,2.150920453781315e-05,1.265760100709631e+09,1.619503091997029e-01,2.013626074176526e+14,16
1.134999999999689e-05,227,3.000000000000000e+02,3.639312972420363e+02,3.004227879278662e+02,2.159494322034560e-05,1.264879139934212e+09,1.623056122181023e-01,2.017419493919755e+14,17
1.139999999999683e-05,228,3.000000000000000e+02,3.640427052649676e+02,3.004276344863138e+02,2.168054532485306e-05,1.264015843530522e+09,1.626470989202068e-01,2.020888692450800e+14,17
1.144999999999677e-05,229,3.000000000000000e+02,3.641483027379573e+02,3.004325025780853e+02,2.176515558757745e-05,1.262549908152874e+09,1.629775319984691e-01,2.023184198460453e+14,17
1.149999999999671e-05,230,3.000000000000000e+02,3.642471381452150e+02,3.004373572560524e+02,2.185023807177760e-05,1.261616336689446e+09,1.632942562900587e-01,2.026907879203643e+14,17
1.154999999999665e-05,231,3.000000000000000e+02,3.643383193669767e+02,3.004422344224007e+02,2.193648177866753e-05,1.260445024209991e+09,1.635941083836574e-01,2.030824731406247e+14,17
1.159999999999659e-05,232,3.000000000000000e+02,3.644240145728101e+02,3.004471871729731e+02,2.202460699026731e-05,1.260047267950350e+09,1.638812104476265e-01,2.035473306008145e+14,17
1.164999999999653e-05,233,3.000000000000000e+02,3.645059633279913e+02,3.004522391270633e+02,2.211417030655483e-05,1.258934252631056e+09,1.641594455716397e-01,2.038643502401046e+14,17
1.169999999999647e-05,234,3.000000000000000e+02,3.645847369116702e+02,3.004573288477027e+02,2.220497981222745e-05,1.258669028435044e+09,1.644298208055922e-01,2.042447629353542e+14,17
1.174999999999641e-05,235,3.000000000000000e+02,3.646636750706232e+02,3.004624694442199e+02,2.229671990712733e-05,1.258637466823097e+09,1.647001831286339e-01,2.045995189803628e+14,17
1.179999999999635e-05,236,3.000000000000000e+02,3.647369817744877e+02,3.004676847073825e+02,2.238785725898112e-05,1.257855266540256e+09,1.649581764126834e-01,2.048231237381232e+14,17
1.184999999999630e-05,237,3.000000000000000e+02,3.648049823504892e+02,3.004729524014614e+02,2.247826727343435e-05,1.257584462908178e+09,1.652046291983548e-01,2.050042887565955e+14,17
1.189999999999624e-05,238,3.000000000000000e+02,3.648709643789603e+02,3.004782703587271e+02,2.256717911518590e-05,1.257865732619382e+09,1.654465087209482e-01,2.052877002944130e+14,17
1.194999999999618e-05,239,3.000000000000000e+02,3.649402415888849e+02,3.004836480870675e+02,2.265505480916628e-05,1.258476544301202e+09,1.656955885491410e-01,2.055542084442950e+14,17
1.199999999999612e-05,240,3.000000000000000e+02,3.650135862310990e+02,3.004890936341899e+02,2.274232410754739e-05,1.258792549134548e+09,1.659537685500290e-01,2.058080236215003e+14,18
1.204999999999606e-05,241,3.000000000000000e+02,3.650864542986808e+02,3.004945494105022e+02,2.282876408478917e-05,1.258894203272828e+09,1.662106554993020e-01,2.060416859530122e+14,18
1.209999999999600e-05,242,3.000000000000000e+02,3.651582063094538e+02,3.004999733143879e+02,2.291530882326393e-05,1.258989858463512e+09,1.664648924122376e-01,2.059079786148832e+14,18
1.214999999999594e-05,243,3.000000000000000e+02,3.652285143199895e+02,3.005053846553114e+02,2.300294331592029e-05,1.258763954367801e+09,1.667151696491216e-01,2.062042422592194e+14,18
1.219999999999588e-05,244,3.000000000000000e+02,3.652941373636381e+02,3.005108385297613e+02,2.309157459519416e-05,1.257786274142469e+09,1.669549410727054e-01,2.064371138525749e+14,18
1.224999999999582e-05,245,3.000000000000000e+02,3.653556726189994e+02,3.005163393053872e+02,2.318201198851941e-05,1.255977631816169e+09,1.671855865957109e-01,2.065891365387398e+14,18
1.229999999999576e-05,246,3.000000000000000e+02,3.654096541970823e+02,3.005218702377353e+02,2.327410776529482e-05,1.253029251986996e+09,1.673978975275375e-01,2.075448213309418e+14,18
1.234999999999570e-05,247,3.000000000000000e+02,3.654579788422552e+02,3.005274385654244e+02,2.336787691963999e-05,1.251436950586670e+09,1.675957408622183e-01,2.077684080221162e+14,18
1.239999999999564e-05,248,3.000000000000000e+02,3.655011410414563e+02,3.005330525773396e+02,2.346244002409258e-05,1.248834990488535e+09,1.677814866371933e-01,2.077899323385252e+14,18
1.244999999999558e-05,249,3.000000000000000e+02,3.655372991994636e+02,3.005386949869730e+02,2.355694301406808e-05,1.246066918025904e+09,1.679513032283180e-01,2.077299493222899e+14,18
1.249999999999552e-05,250,3.000000000000000e+02,3.655685843624852e+02,3.005443777034623e+02,2.365058314881201e-05,1.244372438836092e+09,1.681104850820400e-01,2.076845936872798e+14,18
1.254999999999546e-05,251,3.000000000000000e+02,3.655962437059765e+02,3.005500917662175e+02,2.374225242210136e-05,1.242948822701266e+09,1.682620172610164e-01,2.076444005870848e+14,18
1.259999999999540e-05,252,3.000000000000000e+02,3.656217846357258e+02,3.005558696040458e+02,2.383164332062585e-05,1.242509056901669e+09,1.684094342338533e-01,2.076254591341831e+14,19
1.264999999999534e-05,253,3.000000000000000e+02,3.656424220025683e+02,3.005617318024313e+02,2.391909160182320e-05,1.241767175129567e+09,1.685481333508074e-01,2.075345373634758e+14,19
1.269999999999528e-05,254,3.000000000000000e+02,3.656585066649459e+02,3.005676234459142e+02,2.400490284345842e-05,1.241213716459651e+09,1.686764126704250e-01,2.054761646427056e+14,19
1.274999999999522e-05,255,3.000000000000000e+02,3.656749381710022e+02,3.005735047187127e+02,2.408905858200058e-05,1.240600519148827e+09,1.688056331171613e-01,2.052845043357922e+14,19
1.279999999999516e-05,256,3.000000000000000e+02,3.656927943995021e+02,3.005793787356034e+02,2.417335795283343e-05,1.240473049109416e+09,1.689379159488581e-01,2.053519217623559e+14,19
1.284999999999510e-05,257,3.000000000000000e+02,3.657124975221188e+02,3.005852862210614e+02,2.425838850625098e-05,1.241411199561438e+09,1.690746682233820e-01,2.054336446612899e+14,19
1.289999999999504e-05,258,3.000000000000000e+02,3.657329463959924e+02,3.005912618270499e+02,2.434437766229685e-05,1.240883667124832e+09,1.692132097489785e-01,2.053327657964190e+14,19
1.294999999999498e-05,259,3.000000000000000e+02,3.657522365057640e+02,3.005973360830689e+02,2.443103666118814e-05,1.240793786987513e+09,1.693488022209927e-01,2.052572576245338e+14,19
1.299999999999492e-05,260,3.000000000000000e+02,3.657719922529791e+02,3.006034570995287e+02,2.451829511502450e-05,1.241309369369282e+09,1.694855690953183e-01,2.065844346285274e+14,19
1.304999999999486e-05,261,3.000000000000000e+02,3.657930110013459e+02,3.006096232548079e+02,2.460773111732861e-05,1.241315335872237e+09,1.696240360707501e-01,2.065017033487711e+14,19
1.309999999999480e-05,262,3.000000000000000e+02,3.658128646369720e+02,3.006158344423638e+02,2.469810649697065e-05,1.240174603216519e+09,1.697587515662526e-01,2.063647188602165e+14,19
1.314999999999474e-05,263,3.000000000000000e+02,3.658303275973288e+02,3.006220606116420e+02,2.478808674433132e-05,1.238611983717665e+09,1.698873478880583e-01,2.064122251518453e+14,19
1.319999999999468e-05,264,3.000000000000000e+02,3.658464653595708e+02,3.006282862565822e+02,2.487733066495206e-05,1.238339566242588e+09,1.700124212890749e-01,2.063387779493877e+14,20
1.324999999999462e-05,265,3.000000000000000e+02,3.658627745865060e+02,3.006345195196184e+02,2.496523765338847e-05,1.239448017944066e+09,1.701381745794135e-01,2.062496747060809e+14,20
1.329999999999456e-05,266,3.000000000000000e+02,3.658801529799724e+02,3.006407727157133e+02,2.505149948400736e-05,1.239723134624907e+09,1.702675527196682e-01,2.060935331734883e+14,20
1.334999999999450e-05,267,3.000000000000000e+02,3.658966213717579e+02,3.006470277516083e+02,2.513594510675702e-05,1.238700476583112e+09,1.703949028754430e-01,2.058245257886124e+14,20
1.339999999999444e-05,268,3.000000000000000e+02,3.659112120802377e+02,3.006532920481109e+02,2.521926885111674e-05,1.237846016668151e+09,1.705175540520747e-01,2.056701750556994e+14,20
1.344999999999438e-05,269,3.000000000000000e+02,3.659253314695382e+02,3.006595674280938e+02,2.530304913916378e-05,1.237858655036026e+09,1.706392230755992e-01,2.056199434836359e+14,20
1.349999999999432e-05,270,3.000000000000000e+02,3.659385635764275e+02,3.006658993105042e+02,2.538765395998288e-05,1.236949013042655e+09,1.707584104348054e-01,2.051601090669786e+14,20
1.354999999999426e-05,271,3.000000000000000e+02,3.659506743077073e+02,3.006722976731084e+02,2.547306036066927e-05,1.236543239824892e+09,1.708747069791949e-01,2.049321389304471e+14,20
1.359999999999420e-05,272,3.000000000000000e+02,3.659618288162986e+02,3.006787600826763e+02,2.556014018865301e-05,1.235626001554455e+09,1.709885370500344e-01,2.050224108800871e+14,20
1.364999999999414e-05,273,3.000000000000000e+02,3.659717879374345e+02,3.006853110529947e+02,2.564940142475994e-05,1.234319419011887e+09,1.710985235560399e-01,2.050721339173771e+14,20
1.369999999999408e-05,274,3.000000000000000e+02,3.659806444561420e+02,3.006919699235001e+02,2.574116505754046e-05,1.233263099573641e+09,1.712048421341378e-01,2.051335486576450e+14,20
1.374999999999402e-05,275,3.000000000000000e+02,3.659876965878397e+02,3.006987687947579e+02,2.583451302376603e-05,1.233011020358425e+09,1.713057500309537e-01,2.050480726292018e+14,20
1.379999999999396e-05,276,3.000000000000000e+02,3.659918816048659e+02,3.007056835643323e+02,2.592876593201606e-05,1.232165347080297e+09,1.713990187701329e-01,2.047722727108895e+14,20
1.384999999999390e-05,277,3.000000000000000e+02,3.659926444307565e+02,3.007126311706962e+02,2.602287343048139e-05,1.231873101871136e+09,1.714840076435843e-01,2.046481951347318e+14,20
1.389999999999384e-05,278,3.000000000000000e+02,3.659917387005822e+02,3.007195847896223e+02,2.611694408897475e-05,1.232486218362165e+09,1.715646279763447e-01,2.046370137270647e+14,20
1.394999999999378e-05,279,3.000000000000000e+02,3.659896693057532e+02,3.007265467495675e+02,2.621011450471053e-05,1.232852355976900e+09,1.716424423275530e-01,2.046843484688082e+14,20
1.399999999999372e-05,280,3.000000000000000e+02,3.659862737520152e+02,3.007335014236980e+02,2.630198906738943e-05,1.232900642922434e+09,1.717174821243490e-01,2.045710640123649e+14,20
1.404999999999367e-05,281,3.000000000000000e+02,3.659820318934554e+02,3.007404236683113e+02,2.639328522384210e-05,1.233034576234699e+09,1.717899991717392e-01,2.037639873356786e+14,20
1.409999999999361e-05,282,3.000000000000000e+02,3.659783603079041e+02,3.007473593261241e+02,2.648462667495390e-05,1.233106210376696e+09,1.718626388942556e-01,2.038676414594512e+14,20
1.414999999999355e-05,283,3.000000000000000e+02,3.659758938922710e+02,3.007543481387551e+02,2.657649274830034e-05,1.233676193755218e+09,1.719368854669800e-01,2.042983927053068e+14,20
1.419999999999349e-05,284,3.000000000000000e+02,3.659753082872282e+02,3.007614464905400e+02,2.666958328968144e-05,1.233186470453022e+09,1.720142580224232e-01,2.055748303224059e+14,20
1.424999999999343e-05,285,3.000000000000000e+02,3.659761323163585e+02,3.007686498263286e+02,2.676467548566357e-05,1.232315781978099e+09,1.720930149694851e-01,2.058896804762642e+14,20
1.429999999999337e-05,286,3.000000000000000e+02,3.659777012159757e+02,3.007759583983564e+02,2.686159755672421e-05,1.230807208976786e+09,1.721720286363699e-01,2.061919287188946e+14,20
1.434999999999331e-05,287,3.000000000000000e+02,3.659799991687800e+02,3.007833659374603e+02,2.696071279079552e-05,1.229138125539572e+09,1.722508787522268e-01,2.063151768244380e+14,20
1.439999999999325e-05,288,3.000000000000000e+02,3.659818944772067e+02,3.007908669083300e+02,2.706129837061827e-05,1.227164019617540e+09,1.723273821665157e-01,2.061358189716652e+14,20
1.444999999999319e-05,289,3.000000000000000e+02,3.659832662420077e+02,3.007984462398304e+02,2.716355400952250e-05,1.225080861817590e+09,1.724010792875593e-01,2.060993779960877e+14,20
1.449999999999313e-05,290,3.000000000000000e+02,3.659834344957429e+02,3.008061041860717e+02,2.726592266300597e-05,1.223569890374038e+09,1.724714193149169e-01,2.058925201447120e+14,20
1.454999999999307e-05,291,3.000000000000000e+02,3.659819889335400e+02,3.008138315472458e+02,2.736723116563319e-05,1.224012728361642e+09,1.725388078313979e-01,2.056855957604793e+14,20
1.459999999999301e-05,292,3.000000000000000e+02,3.659792111105075e+02,3.008215545566927e+02,2.746737440245207e-05,1.223445848700826e+09,1.726039936114026e-01,2.054074877358707e+14,20
1.464999999999295e-05,293,3.000000000000000e+02,3.659749440533776e+02,3.008292603200448e+02,2.756895198818462e-05,1.224031060435075e+09,1.726617256924088e-01,2.048517690201189e+14,20
1.469999999999289e-05,294,3.000000000000000e+02,3.659696555875819e+02,3.008369598368568e+02,2.766725004779291e-05,1.225580910154331e+09,1.727186760399661e-01,2.048391417634509e+14,20
1.474999999999283e-05,295,3.000000000000000e+02,3.659633910637529e+02,3.008446991239014e+02,2.776200081761420e-05,1.226491928034214e+09,1.727775293832910e-01,2.049158916533638e+14,20
1.479999999999277e-05,296,3.000000000000000e+02,3.659575287390310e+02,3.008524876546167e+02,2.785419220207487e-05,1.227631098692573e+09,1.728409397645700e-01,2.051517432477688e+14,20
1.484999999999271e-05,297,3.000000000000000e+02,3.659528969957821e+02,3.008604122090965e+02,2.794489093412023e-05,1.227621575042682e+09,1.729097274623704e-01,2.048260519589183e+14,20
