time,step,P_cond_W,P_fric_W,scale,frac_wp,frac_tool,tool_pos_x,tool_pos_y,tool_vel_x,tool_vel_y,tool_Tmin,tool_Tmax,wp_Tmin,wp_Tmax,wp_Tavg,contact_iters,rel_force,rel_power
0.000000000000000e+00,0,0.000000000000000e+00,0.000000000000000e+00,1.000000000000000e+00,0.000000000000000e+00,0.000000000000000e+00,-1.958777350403768e-06,-7.512982179781362e-05,1.666666666666667e+00,0.000000000000000e+00,3.000000000000000e+02,3.000000000000000e+02,3.000000000000000e+02,3.000000000000000e+02,3.000000000000000e+02,0,0.000000000000000e+00,0.000000000000000e+00
1.500000000000000e-08,1,9.453284055828446e-09,4.207117607454420e+01,1.000000000000000e+00,8.000000000000000e-01,2.000000000000000e-01,-1.933777350403764e-06,-7.512982179781362e-05,1.666666666666667e+00,0.000000000000000e+00,2.999999468643765e+02,3.000003821914409e+02,3.000000000000000e+02,3.000016791165282e+02,3.000000001142312e+02,1,0.000000000000000e+00,0.000000000000000e+00
3.000000000000003e-08,2,2.508079028427678e-08,4.375724240143078e+01,1.000000000000000e+00,8.000000000000000e-01,2.000000000000000e-01,-1.908777350403760e-06,-7.512982179781362e-05,1.666666666666667e+00,0.000000000000000e+00,2.999998947300250e+02,3.000010283746410e+02,3.000000000000000e+02,3.000044232215211e+02,3.000000003009657e+02,1,0.000000000000000e+00,0.000000000000000e+00
4.499999999999997e-08,3,4.187446743426379e-08,4.263282995024040e+01,1.000000000000000e+00,8.000000000000000e-01,2.000000000000000e-01,-1.883777350403762e-06,-7.512982179781362e-05,1.666666666666667e+00,0.000000000000000e+00,2.999998435686116e+02,3.000017149557979e+02,3.000000000000000e+02,3.000073658533136e+02,3.000000005012736e+02,1,0.000000000000000e+00,0.000000000000000e+00
5.999999999999990e-08,4,5.837626753187154e-08,4.339311246031470e+01,1.000000000000000e+00,8.000000000000000e-01,2.000000000000000e-01,-1.858777350403764e-06,-7.512982179781362e-05,1.666666666666667e+00,0.000000000000000e+00,2.999997933526877e+02,3.000023763744561e+02,3.000000000000000e+02,3.000102517593376e+02,3.000000006977928e+02,1,0.000000000000000e+00,0.000000000000000e+00
7.499999999999984e-08,5,7.531776148540714e-08,4.460054520714804e+01,1.000000000000000e+00,8.000000000000000e-01,2.000000000000000e-01,-1.833777350403767e-06,-7.512982179781362e-05,1.666666666666667e+00,0.000000000000000e+00,2.999997440556612e+02,3.000030461762174e+02,3.000000000000000e+02,3.000132103356692e+02,3.000000008993256e+02,1,0.000000000000000e+00,0.000000000000000e+00
8.999999999999977e-08,6,9.236671689363101e-08,4.404050871644378e+01,1.000000000000000e+00,8.000000000000000e-01,2.000000000000000e-01,-1.808777350403769e-06,-7.512982179781362e-05,1.666666666666667e+00,0.000000000000000e+00,2.999996956517680e+02,3.000037084908654e+02,3.000000000000000e+02,3.000161801367458e+02,3.000000011016938e+02,1,0.000000000000000e+00,0.000000000000000e+00
1.049999999999997e-07,7,1.094946354574512e-07,4.470116292821752e+01,1.000000000000000e+00,8.000000000000000e-01,2.000000000000000e-01,-1.783777350403771e-06,-7.512982179781362e-05,1.666666666666667e+00,0.000000000000000e+00,2.999996481160464e+02,3.000043629877454e+02,3.000000000000000e+02,3.000191587187521e+02,3.000000013047310e+02,1,0.000000000000000e+00,0.000000000000000e+00
1.199999999999997e-07,8,1.268148395077271e-07,4.475742646334742e+01,1.000000000000000e+00,8.000000000000000e-01,2.000000000000000e-01,-1.758777350403774e-06,-7.512982179781362e-05,1.666666666666667e+00,0.000000000000000e+00,2.999996014243097e+02,3.000050147022230e+02,3.000000000000000e+02,3.000221649845474e+02,3.000000015097236e+02,1,0.000000000000000e+00,0.000000000000000e+00
1.350000000000000e-07,9,1.441365010036935e-07,4.472036151218169e+01,1.000000000000000e+00,8.000000000000000e-01,2.000000000000000e-01,-1.733777350403776e-06,-7.512982179781362e-05,1.666666666666667e+00,0.000000000000000e+00,2.999995555531215e+02,3.000056550894863e+02,3.000000000000000e+02,3.000251652467810e+02,3.000000017143805e+02,1,0.000000000000000e+00,0.000000000000000e+00
1.500000000000003e-07,10,1.614674729894218e-07,4.460087896180829e+01,1.000000000000000e+00,8.000000000000000e-01,2.000000000000000e-01,-1.708777350403779e-06,-7.512982179781362e-05,1.666666666666667e+00,0.000000000000000e+00,2.999995104797716e+02,3.000062847779494e+02,3.000000000000000e+02,3.000281609493864e+02,3.000000019187997e+02,1,0.000000000000000e+00,0.000000000000000e+00
1.650000000000007e-07,11,1.788672453957795e-07,4.503249666724695e+01,1.000000000000000e+00,8.000000000000000e-01,2.000000000000000e-01,-1.683777350403781e-06,-7.512982179781362e-05,1.666666666666667e+00,0.000000000000000e+00,2.999994661822524e+02,3.000069070357100e+02,3.000000000000000e+02,3.000311637160470e+02,3.000000021237719e+02,1,0.000000000000000e+00,0.000000000000000e+00
1.800000000000010e-07,12,1.966181094884893e-07,4.648839670295072e+01,1.000000000000000e+00,8.000000000000000e-01,2.000000000000000e-01,-1.658777350403783e-06,-7.512982179781362e-05,1.666666666666667e+00,0.000000000000000e+00,2.999994226392354e+02,3.000075354173346e+02,3.000000000000000e+02,3.000342248688120e+02,3.000000023327889e+02,1,0.000000000000000e+00,0.000000000000000e+00
1.950000000000013e-07,13,2.149802505511149e-07,4.792699191130083e+01,1.000000000000000e+00,8.000000000000000e-01,2.000000000000000e-01,-1.633777350403786e-06,-7.512982179781362e-05,1.666666666666667e+00,0.000000000000000e+00,2.999993798300504e+02,3.000081819379147e+02,3.000000000000000e+02,3.000373905434155e+02,3.000000025489910e+02,1,0.000000000000000e+00,0.000000000000000e+00
2.100000000000017e-07,14,2.336837048928584e-07,4.781806959515919e+01,1.000000000000000e+00,8.000000000000000e-01,2.000000000000000e-01,-1.608777350403788e-06,-7.512982179781362e-05,1.666666666666667e+00,0.000000000000000e+00,2.999993377346632e+02,3.000088323918489e+02,3.000000000000000e+02,3.000406099477378e+02,3.000000027689255e+02,1,0.000000000000000e+00,0.000000000000000e+00
2.250000000000020e-07,15,2.521440625284351e-07,4.620487154219179e+01,1.000000000000000e+00,8.000000000000000e-01,2.000000000000000e-01,-1.583777350403790e-06,-7.512982179781362e-05,1.666666666666667e+00,0.000000000000000e+00,2.999992963336556e+02,3.000094551621507e+02,3.000000000000000e+02,3.000437760504764e+02,3.000000029853116e+02,1,0.000000000000000e+00,0.000000000000000e+00
2.400000000000023e-07,16,2.710401481463503e-07,4.449851415254626e+01,1.000000000000000e+00,8.000000000000000e-01,2.000000000000000e-01,-1.558777350403793e-06,-7.512982179781362e-05,1.666666666666667e+00,0.000000000000000e+00,2.999992556082055e+02,3.000100389076183e+02,3.000000000000000e+02,3.000469857370915e+02,3.000000032047390e+02,1,0.000000000000000e+00,0.000000000000000e+00
2.550000000000018e-07,17,2.954450340788208e-07,4.312873115634760e+01,1.000000000000000e+00,8.000000000000000e-01,2.000000000000000e-01,-1.533777350403795e-06,-7.512982179781362e-05,1.666666666666667e+00,0.000000000000000e+00,2.999992155400673e+02,3.000105869678455e+02,3.000000000000000e+02,3.000510209533945e+02,3.000000034804052e+02,1,0.000000000000000e+00,0.000000000000000e+00
2.700000000000013e-07,18,3.537902014189986e-07,4.196348736062414e+01,1.000000000000000e+00,8.000000000000000e-01,2.000000000000000e-01,-1.508777350403797e-06,-7.512982179781362e-05,1.666666666666667e+00,0.000000000000000e+00,2.999991761115536e+02,3.000111032756009e+02,3.000000000000000e+02,3.000602185036358e+02,3.000000041073679e+02,1,0.000000000000000e+00,0.000000000000000e+00
2.850000000000009e-07,19,5.710561009638579e-07,4.309414495816044e+01,1.000000000000000e+00,8.000000000000000e-01,2.000000000000000e-01,-1.483777350403800e-06,-7.512982179781362e-05,1.666666666666667e+00,0.000000000000000e+00,2.999991373055170e+02,3.000116074726154e+02,3.000000000000000e+02,3.000933527341999e+02,3.000000063630054e+02,1,0.000000000000000e+00,0.000000000000000e+00
3.000000000000004e-07,20,1.137750633209436e-06,4.830893858629547e+01,1.000000000000000e+00,8.000000000000000e-01,2.000000000000000e-01,-1.458777350403802e-06,-7.512982179781362e-05,1.666666666666667e+00,0.000000000000000e+00,2.999990991053333e+02,3.000121639226297e+02,3.000000000000000e+02,3.001776789461228e+02,3.000000121022193e+02,1,0.000000000000000e+00,0.000000000000000e+00
3.149999999999999e-07,21,2.089685557352735e-06,5.290952785015830e+01,1.000000000000000e+00,8.000000000000000e-01,2.000000000000000e-01,-1.433777350403804e-06,-7.512982179781362e-05,1.666666666666667e+00,0.000000000000000e+00,2.999990614948840e+02,3.000128076147734e+02,3.000000000000000e+02,3.003175417239959e+02,3.000000216218834e+02,1,0.000000000000000e+00,0.000000000000000e+00
3.299999999999995e-07,22,3.325918947298563e-06,5.545083780324686e+01,1.000000000000000e+00,8.000000000000000e-01,2.000000000000000e-01,-1.408777350403807e-06,-7.512982179781362e-05,1.666666666666667e+00,0.000000000000000e+00,2.999990244585405e+02,3.000135049164157e+02,3.000000000000000e+02,3.004980483302284e+02,3.000000339101424e+02,1,0.000000000000000e+00,0.000000000000000e+00
3.449999999999990e-07,23,4.743935447888853e-06,5.716645493388568e+01,1.000000000000000e+00,8.000000000000000e-01,2.000000000000000e-01,-1.383777350403809e-06,-7.512982179781362e-05,1.666666666666667e+00,0.000000000000000e+00,2.999989879811482e+02,3.000142294750632e+02,3.000000000000000e+02,3.007045349942266e+02,3.000000479703317e+02,1,0.000000000000000e+00,0.000000000000000e+00
3.599999999999986e-07,24,6.268561533349962e-06,5.840138207565424e+01,1.000000000000000e+00,8.000000000000000e-01,2.000000000000000e-01,-1.358777350403812e-06,-7.512982179781362e-05,1.666666666666667e+00,0.000000000000000e+00,2.999989520480115e+02,3.000149671564643e+02,3.000000000000000e+02,3.009262227603659e+02,3.000000630697384e+02,1,0.000000000000000e+00,0.000000000000000e+00
3.749999999999981e-07,25,7.848403399935050e-06,6.073438918465364e+01,1.000000000000000e+00,8.000000000000000e-01,2.000000000000000e-01,-1.333777350403814e-06,-7.512982179781362e-05,1.666666666666667e+00,0.000000000000000e+00,2.999989166448785e+02,3.000157259714939e+02,3.000000000000000e+02,3.011558016416601e+02,3.000000787113942e+02,1,0.000000000000000e+00,0.000000000000000e+00
3.899999999999976e-07,26,9.466543060111976e-06,6.608157237394222e+01,1.000000000000000e+00,8.000000000000000e-01,2.000000000000000e-01,-1.308777350403816e-06,-7.512982179781362e-05,1.666666666666667e+00,0.000000000000000e+00,2.999988817579276e+02,3.000165457150341e+02,3.000000000000000e+02,3.013910780818940e+02,3.000000947462415e+02,1,0.000000000000000e+00,0.000000000000000e+00
4.049999999999972e-07,27,1.114374502729615e-05,7.222114958556686e+01,1.000000000000000e+00,8.000000000000000e-01,2.000000000000000e-01,-1.283777350403819e-06,-7.512982179781362e-05,1.666666666666667e+00,0.000000000000000e+00,2.999988473737533e+02,3.000174587520004e+02,3.000000000000000e+02,3.016352679405217e+02,3.000001113931974e+02,1,0.000000000000000e+00,0.000000000000000e+00
4.199999999999967e-07,28,1.293310931074858e-05,7.594458953348105e+01,1.000000000000000e+00,8.000000000000000e-01,2.000000000000000e-01,-1.258777350403821e-06,-7.512982179781362e-05,1.666666666666667e+00,0.000000000000000e+00,2.999988134793528e+02,3.000184531820074e+02,3.000000000000000e+02,3.018961113874921e+02,3.000001291790752e+02,1,0.000000000000000e+00,0.000000000000000e+00
4.349999999999963e-07,29,1.487180512381942e-05,7.599658887431798e+01,1.000000000000000e+00,8.000000000000000e-01,2.000000000000000e-01,-1.233777350403823e-06,-7.512982179781362e-05,1.666666666666667e+00,0.000000000000000e+00,2.999987800621139e+02,3.000194664206954e+02,3.000000000000000e+02,3.021787575741355e+02,3.000001484546128e+02,1,0.000000000000000e+00,0.000000000000000e+00
4.499999999999958e-07,30,1.693889163384114e-05,7.530453473494850e+01,1.000000000000000e+00,8.000000000000000e-01,2.000000000000000e-01,-1.208777350403826e-06,-7.512982179781362e-05,1.666666666666667e+00,0.000000000000000e+00,2.999987471098017e+02,3.000204504225322e+02,3.000000000000000e+02,3.024798792232619e+02,3.000001689939868e+02,1,0.000000000000000e+00,0.000000000000000e+00
4.649999999999953e-07,31,1.908398108886622e-05,7.627702200800746e+01,1.000000000000000e+00,8.000000000000000e-01,2.000000000000000e-01,-1.183777350403828e-06,-7.512982179781362e-05,1.666666666666667e+00,0.000000000000000e+00,2.999987146105471e+02,3.000214233009282e+02,3.000000000000000e+02,3.027921578399095e+02,3.000001902997415e+02,1,0.000000000000000e+00,0.000000000000000e+00
4.799999999999952e-07,32,2.127498570913325e-05,7.916901828290410e+01,1.000000000000000e+00,8.000000000000000e-01,2.000000000000000e-01,-1.158777350403830e-06,-7.512982179781362e-05,1.666666666666667e+00,0.000000000000000e+00,2.999986825528348e+02,3.000224203840521e+02,3.000000000000000e+02,3.031111752842522e+02,3.000002120715505e+02,1,0.000000000000000e+00,0.000000000000000e+00
4.949999999999963e-07,33,2.351853481896197e-05,8.243845684330235e+01,1.000000000000000e+00,8.000000000000000e-01,2.000000000000000e-01,-1.133777350403833e-06,-7.512982179781362e-05,1.666666666666667e+00,0.000000000000000e+00,2.999986509254921e+02,3.000234638962874e+02,3.000000000000000e+02,3.034380128631611e+02,3.000002343831412e+02,1,0.000000000000000e+00,0.000000000000000e+00
5.099999999999974e-07,34,2.581582722006331e-05,8.503460379998413e+01,1.000000000000000e+00,8.000000000000000e-01,2.000000000000000e-01,-1.108777350403835e-06,-7.512982179781362e-05,1.666666666666667e+00,0.000000000000000e+00,2.999986197176786e+02,3.000245452257354e+02,3.000000000000000e+02,3.037727371051972e+02,3.000002572393359e+02,1,0.000000000000000e+00,0.000000000000000e+00
5.249999999999986e-07,35,2.815675699622491e-05,8.878103364410161e+01,1.000000000000000e+00,8.000000000000000e-01,2.000000000000000e-01,-1.083777350403837e-06,-7.512982179781362e-05,1.666666666666667e+00,0.000000000000000e+00,2.999985889188753e+02,3.000256669578064e+02,3.000000000000000e+02,3.041139098431011e+02,3.000002805425962e+02,1,0.000000000000000e+00,0.000000000000000e+00
5.399999999999997e-07,36,3.054133065253192e-05,9.197265844147994e+01,1.000000000000000e+00,8.000000000000000e-01,2.000000000000000e-01,-1.058777350403840e-06,-7.512982179781362e-05,1.666666666666667e+00,0.000000000000000e+00,2.999985585188741e+02,3.000268436483685e+02,3.000000000000000e+02,3.044615587899939e+02,3.000003042954581e+02,1,0.000000000000000e+00,0.000000000000000e+00
5.550000000000008e-07,37,3.296975251874825e-05,9.411889036953279e+01,1.000000000000000e+00,8.000000000000000e-01,2.000000000000000e-01,-1.033777350403842e-06,-7.512982179781362e-05,1.666666666666667e+00,0.000000000000000e+00,2.999985285077684e+02,3.000280514691526e+02,3.000000000000000e+02,3.048157227377774e+02,3.000003285050377e+02,1,0.000000000000000e+00,0.000000000000000e+00
5.700000000000020e-07,38,3.544812239637583e-05,9.650564682420864e+01,1.000000000000000e+00,8.000000000000000e-01,2.000000000000000e-01,-1.008777350403845e-06,-7.512982179781362e-05,1.666666666666667e+00,0.000000000000000e+00,2.999984988759433e+02,3.000292834623517e+02,3.000000000000000e+02,3.051773098130748e+02,3.000003532407413e+02,1,0.000000000000000e+00,0.000000000000000e+00
5.850000000000031e-07,39,3.798206233655476e-05,9.917574284557793e+01,1.000000000000000e+00,8.000000000000000e-01,2.000000000000000e-01,-9.837773504038469e-07,-7.512982179781362e-05,1.666666666666667e+00,0.000000000000000e+00,2.999984696140666e+02,3.000305457695933e+02,3.000000000000000e+02,3.055471250006325e+02,3.000003785862181e+02,1,0.000000000000000e+00,0.000000000000000e+00
